{"a":{"max":1.7976931348623157e+308,"min":5e-324},"z":[1e+30,1e-30,0.000001,333333333.3333333,4.5,2,9007199254740991,-9007199254740991]}