{"a":0.000001,"z":[1e+30,1e-30,5e-324,1.7976931348623157e+308,9007199254740991,-9007199254740991]}