{
  "generated_at_utc": "2026-03-05T05:57:56Z",
  "alpha": 0.05,
  "resamples": 500,
  "comparisons": [
    {
      "track": "verify-only",
      "mode": "verify",
      "workload": "array-2048",
      "class": "valid",
      "impl_a": "schubfach",
      "impl_b": "json-canon",
      "n_impl_a": 2,
      "n_impl_b": 2,
      "mean_ms_impl_a": 13.3414355,
      "mean_ms_impl_b": 12.6403775,
      "median_ms_impl_a": 13.3414355,
      "median_ms_impl_b": 12.6403775,
      "cv_impl_a": 0.13998047113435227,
      "cv_impl_b": 0.26747545863697103,
      "winner": "json-canon",
      "speedup": 1.0554617929725596,
      "ci95_low": 0.7997342709272289,
      "ci95_high": 1.4304856670311668,
      "p_value": 1,
      "effect_size_cohen_d": 0.25668584296642033,
      "significant": false,
      "practical_win": true,
      "oracle_pass_rate_a": 1,
      "oracle_pass_rate_b": 1
    },
    {
      "track": "verify-only",
      "mode": "verify",
      "workload": "array-256",
      "class": "valid",
      "impl_a": "schubfach",
      "impl_b": "json-canon",
      "n_impl_a": 2,
      "n_impl_b": 2,
      "mean_ms_impl_a": 4.8804365,
      "mean_ms_impl_b": 4.5010545,
      "median_ms_impl_a": 4.8804365,
      "median_ms_impl_b": 4.5010545,
      "cv_impl_a": 0.8870369739741503,
      "cv_impl_b": 0.16153808849531212,
      "winner": "json-canon",
      "speedup": 1.0842873597731375,
      "ci95_low": 0.36275444220812547,
      "ci95_high": 1.991910051937296,
      "p_value": 1,
      "effect_size_cohen_d": 0.12222238881024443,
      "significant": false,
      "practical_win": true,
      "oracle_pass_rate_a": 1,
      "oracle_pass_rate_b": 1
    },
    {
      "track": "verify-only",
      "mode": "verify",
      "workload": "canonical-minimal",
      "class": "valid",
      "impl_a": "schubfach",
      "impl_b": "json-canon",
      "n_impl_a": 2,
      "n_impl_b": 2,
      "mean_ms_impl_a": 1.6873035,
      "mean_ms_impl_b": 3.1683345000000003,
      "median_ms_impl_a": 1.6873035,
      "median_ms_impl_b": 3.1683345000000003,
      "cv_impl_a": 0.05043777639867808,
      "cv_impl_b": 0.5125886958708656,
      "winner": "schubfach",
      "speedup": 1.8777502091354639,
      "ci95_low": 1.1559244420969383,
      "ci95_high": 2.6529678709577498,
      "p_value": 0.3213572854291417,
      "effect_size_cohen_d": -1.2879044093594394,
      "significant": false,
      "practical_win": true,
      "oracle_pass_rate_a": 1,
      "oracle_pass_rate_b": 1
    },
    {
      "track": "verify-only",
      "mode": "verify",
      "workload": "control-escapes",
      "class": "valid",
      "impl_a": "schubfach",
      "impl_b": "json-canon",
      "n_impl_a": 2,
      "n_impl_b": 2,
      "mean_ms_impl_a": 3.908803,
      "mean_ms_impl_b": 4.0410045,
      "median_ms_impl_a": 3.908803,
      "median_ms_impl_b": 4.0410045,
      "cv_impl_a": 0.1958037378247754,
      "cv_impl_b": 0.659495415063788,
      "winner": "schubfach",
      "speedup": 1.0338214793633753,
      "ci95_low": 0.48461829041079385,
      "ci95_high": 1.759543332324706,
      "p_value": 1,
      "effect_size_cohen_d": -0.06742813368733581,
      "significant": false,
      "practical_win": true,
      "oracle_pass_rate_a": 1,
      "oracle_pass_rate_b": 1
    },
    {
      "track": "verify-only",
      "mode": "verify",
      "workload": "deep-64",
      "class": "valid",
      "impl_a": "schubfach",
      "impl_b": "json-canon",
      "n_impl_a": 2,
      "n_impl_b": 2,
      "mean_ms_impl_a": 5.850554,
      "mean_ms_impl_b": 4.9168335,
      "median_ms_impl_a": 5.850554,
      "median_ms_impl_b": 4.9168335,
      "cv_impl_a": 0.959128648758672,
      "cv_impl_b": 0.7174653043462018,
      "winner": "json-canon",
      "speedup": 1.1899028104165008,
      "ci95_low": 0.2540283276914707,
      "ci95_high": 4.0531806639935635,
      "p_value": 1,
      "effect_size_cohen_d": 0.19922261943092573,
      "significant": false,
      "practical_win": true,
      "oracle_pass_rate_a": 1,
      "oracle_pass_rate_b": 1
    },
    {
      "track": "verify-only",
      "mode": "verify",
      "workload": "escaped-key-order",
      "class": "valid",
      "impl_a": "schubfach",
      "impl_b": "json-canon",
      "n_impl_a": 2,
      "n_impl_b": 2,
      "mean_ms_impl_a": 2.372336,
      "mean_ms_impl_b": 1.5093865000000002,
      "median_ms_impl_a": 2.372336,
      "median_ms_impl_b": 1.5093865000000002,
      "cv_impl_a": 0.39567512887306233,
      "cv_impl_b": 0.3118207640868386,
      "winner": "json-canon",
      "speedup": 1.5717220208342924,
      "ci95_low": 0.9274782433101436,
      "ci95_high": 2.5804249771158974,
      "p_value": 0.6726546906187625,
      "effect_size_cohen_d": 1.1622130944125992,
      "significant": false,
      "practical_win": true,
      "oracle_pass_rate_a": 1,
      "oracle_pass_rate_b": 1
    },
    {
      "track": "verify-only",
      "mode": "verify",
      "workload": "long-string",
      "class": "valid",
      "impl_a": "schubfach",
      "impl_b": "json-canon",
      "n_impl_a": 2,
      "n_impl_b": 2,
      "mean_ms_impl_a": 3.4978005,
      "mean_ms_impl_b": 2.4236385,
      "median_ms_impl_a": 3.4978005000000003,
      "median_ms_impl_b": 2.4236385,
      "cv_impl_a": 0.683044877660569,
      "cv_impl_b": 0.1622296471078498,
      "winner": "json-canon",
      "speedup": 1.443202234986777,
      "ci95_low": 0.6693703100645788,
      "ci95_high": 2.4175774393716667,
      "p_value": 1,
      "effect_size_cohen_d": 0.6273900041033885,
      "significant": false,
      "practical_win": true,
      "oracle_pass_rate_a": 1,
      "oracle_pass_rate_b": 1
    },
    {
      "track": "verify-only",
      "mode": "verify",
      "workload": "nested-mixed",
      "class": "valid",
      "impl_a": "schubfach",
      "impl_b": "json-canon",
      "n_impl_a": 2,
      "n_impl_b": 2,
      "mean_ms_impl_a": 2.293186,
      "mean_ms_impl_b": 1.6137275,
      "median_ms_impl_a": 2.293186,
      "median_ms_impl_b": 1.6137275,
      "cv_impl_a": 0.3934654519945048,
      "cv_impl_b": 0.3718892372808009,
      "winner": "json-canon",
      "speedup": 1.4210490928610933,
      "ci95_low": 0.812121887146837,
      "ci95_high": 2.464492636035962,
      "p_value": 0.6726546906187625,
      "effect_size_cohen_d": 0.8867315182820588,
      "significant": false,
      "practical_win": true,
      "oracle_pass_rate_a": 1,
      "oracle_pass_rate_b": 1
    },
    {
      "track": "verify-only",
      "mode": "verify",
      "workload": "numeric-boundary",
      "class": "valid",
      "impl_a": "schubfach",
      "impl_b": "json-canon",
      "n_impl_a": 2,
      "n_impl_b": 2,
      "mean_ms_impl_a": 3.081201,
      "mean_ms_impl_b": 4.592114,
      "median_ms_impl_a": 3.081201,
      "median_ms_impl_b": 4.592114,
      "cv_impl_a": 0.18213799819293763,
      "cv_impl_b": 0.2572298834567128,
      "winner": "schubfach",
      "speedup": 1.4903649583392968,
      "ci95_low": 1.0801680375568712,
      "ci95_high": 2.021840878865432,
      "p_value": 0.3213572854291417,
      "effect_size_cohen_d": -1.6338962041245377,
      "significant": false,
      "practical_win": true,
      "oracle_pass_rate_a": 1,
      "oracle_pass_rate_b": 1
    },
    {
      "track": "verify-only",
      "mode": "verify",
      "workload": "rfc-key-sorting",
      "class": "valid",
      "impl_a": "schubfach",
      "impl_b": "json-canon",
      "n_impl_a": 2,
      "n_impl_b": 2,
      "mean_ms_impl_a": 2.1247629999999997,
      "mean_ms_impl_b": 5.250715,
      "median_ms_impl_a": 2.1247629999999997,
      "median_ms_impl_b": 5.250715,
      "cv_impl_a": 0.022113445780204005,
      "cv_impl_b": 1.1146751674429662,
      "winner": "schubfach",
      "speedup": 2.4712003174001054,
      "ci95_low": 0.5153557458872551,
      "ci95_high": 4.489181889508156,
      "p_value": 1,
      "effect_size_cohen_d": -0.7552948729118705,
      "significant": false,
      "practical_win": true,
      "oracle_pass_rate_a": 1,