{
  "generated_at_utc": "2026-03-05T06:06:31Z",
  "alpha": 0.05,
  "resamples": 300,
  "comparisons": [
    {
      "track": "verify-only",
      "mode": "verify",
      "workload": "array-2048",
      "class": "valid",
      "impl_a": "schubfach",
      "impl_b": "json-canon",
      "n_impl_a": 2,
      "n_impl_b": 2,
      "mean_ms_impl_a": 19.8446845,
      "mean_ms_impl_b": 16.4193505,
      "median_ms_impl_a": 19.8446845,
      "median_ms_impl_b": 16.4193505,
      "cv_impl_a": 0.4833966058368251,
      "cv_impl_b": 0.7348059858494362,
      "winner": "json-canon",
      "speedup": 1.208615681844419,
      "ci95_low": 0.5234945263885226,
      "ci95_high": 3.3757077291675888,
      "p_value": 0.6312292358803987,
      "effect_size_cohen_d": 0.3142720209438131,
      "significant": false,
      "practical_win": true,
      "oracle_pass_rate_a": 1,
      "oracle_pass_rate_b": 1
    },
    {
      "track": "verify-only",
      "mode": "verify",
      "workload": "array-256",
      "class": "valid",
      "impl_a": "schubfach",
      "impl_b": "json-canon",
      "n_impl_a": 2,
      "n_impl_b": 2,
      "mean_ms_impl_a": 6.488968,
      "mean_ms_impl_b": 7.0989965,
      "median_ms_impl_a": 6.488968,
      "median_ms_impl_b": 7.0989965,
      "cv_impl_a": 0.2840111824984052,
      "cv_impl_b": 0.4677302995768236,
      "winner": "schubfach",
      "speedup": 1.0940100952878795,
      "ci95_low": 0.6097321615688048,
      "ci95_high": 1.8216786837473702,
      "p_value": 1,
      "effect_size_cohen_d": -0.22717398702517333,
      "significant": false,
      "practical_win": true,
      "oracle_pass_rate_a": 1,
      "oracle_pass_rate_b": 1
    },
    {
      "track": "verify-only",
      "mode": "verify",
      "workload": "canonical-minimal",
      "class": "valid",
      "impl_a": "schubfach",
      "impl_b": "json-canon",
      "n_impl_a": 2,
      "n_impl_b": 2,
      "mean_ms_impl_a": 2.8978400000000004,
      "mean_ms_impl_b": 4.699085,
      "median_ms_impl_a": 2.8978400000000004,
      "median_ms_impl_b": 4.699085,
      "cv_impl_a": 0.712960621177943,
      "cv_impl_b": 0.8714278104370008,
      "winner": "schubfach",
      "speedup": 1.6215819368909254,
      "ci95_low": 0.41377503438481855,
      "ci95_high": 5.2853322198444594,
      "p_value": 0.6877076411960132,
      "effect_size_cohen_d": -0.555389060430536,
      "significant": false,
      "practical_win": true,
      "oracle_pass_rate_a": 1,
      "oracle_pass_rate_b": 1
    },
    {
      "track": "verify-only",
      "mode": "verify",
      "workload": "control-escapes",
      "class": "valid",
      "impl_a": "schubfach",
      "impl_b": "json-canon",
      "n_impl_a": 2,
      "n_impl_b": 2,
      "mean_ms_impl_a": 5.9737645,
      "mean_ms_impl_b": 5.3879965,
      "median_ms_impl_a": 5.9737645,
      "median_ms_impl_b": 5.3879965,
      "cv_impl_a": 0.06707824433384069,
      "cv_impl_b": 0.5169264960878037,
      "winner": "json-canon",
      "speedup": 1.108717219842292,
      "ci95_low": 0.7734250646523398,
      "ci95_high": 1.8303325606892251,
      "p_value": 1,
      "effect_size_cohen_d": 0.294398584779737,
      "significant": false,
      "practical_win": true,
      "oracle_pass_rate_a": 1,
      "oracle_pass_rate_b": 1
    },
    {
      "track": "verify-only",
      "mode": "verify",
      "workload": "deep-64",
      "class": "valid",
      "impl_a": "schubfach",
      "impl_b": "json-canon",
      "n_impl_a": 2,
      "n_impl_b": 2,
      "mean_ms_impl_a": 2.7966249999999997,
      "mean_ms_impl_b": 7.815932,
      "median_ms_impl_a": 2.7966249999999997,
      "median_ms_impl_b": 7.815932,
      "cv_impl_a": 0.5450387792466032,
      "cv_impl_b": 0.1719353782046207,
      "winner": "schubfach",
      "speedup": 2.794772985294775,
      "ci95_low": 1.772046119625877,
      "ci95_high": 5.100155107854065,
      "p_value": 0.31893687707641194,
      "effect_size_cohen_d": -3.4931810912022354,
      "significant": false,
      "practical_win": true,
      "oracle_pass_rate_a": 1,
      "oracle_pass_rate_b": 1
    },
    {
      "track": "verify-only",
      "mode": "verify",
      "workload": "escaped-key-order",
      "class": "valid",
      "impl_a": "schubfach",
      "impl_b": "json-canon",
      "n_impl_a": 2,
      "n_impl_b": 2,
      "mean_ms_impl_a": 3.5293799999999997,
      "mean_ms_impl_b": 4.1596405,
      "median_ms_impl_a": 3.5293799999999997,
      "median_ms_impl_b": 4.1596405,
      "cv_impl_a": 0.034195119595894365,
      "cv_impl_b": 0.6699628725812258,
      "winner": "schubfach",
      "speedup": 1.1785754155120731,
      "ci95_low": 0.605599494732509,
      "ci95_high": 1.7799465801946028,
      "p_value": 1,
      "effect_size_cohen_d": -0.31953738736519005,
      "significant": false,
      "practical_win": true,
      "oracle_pass_rate_a": 1,
      "oracle_pass_rate_b": 1
    },
    {
      "track": "verify-only",
      "mode": "verify",
      "workload": "long-string",
      "class": "valid",
      "impl_a": "schubfach",
      "impl_b": "json-canon",
      "n_impl_a": 2,
      "n_impl_b": 2,
      "mean_ms_impl_a": 2.8046675,
      "mean_ms_impl_b": 1.8680245,
      "median_ms_impl_a": 2.8046675,
      "median_ms_impl_b": 1.8680245,
      "cv_impl_a": 0.038697318929085886,
      "cv_impl_b": 0.03238302175572529,
      "winner": "json-canon",
      "speedup": 1.501408305940313,
      "ci95_low": 1.4276347224381005,
      "ci95_high": 1.5786396384056978,
      "p_value": 0.31893687707641194,
      "effect_size_cohen_d": 10.660632944328208,
      "significant": false,
      "practical_win": true,
      "oracle_pass_rate_a": 1,
      "oracle_pass_rate_b": 1
    },
    {
      "track": "verify-only",
      "mode": "verify",
      "workload": "nested-mixed",
      "class": "valid",
      "impl_a": "schubfach",
      "impl_b": "json-canon",
      "n_impl_a": 2,
      "n_impl_b": 2,
      "mean_ms_impl_a": 6.456709999999999,
      "mean_ms_impl_b": 6.9321245000000005,
      "median_ms_impl_a": 6.456709999999999,
      "median_ms_impl_b": 6.9321245000000005,
      "cv_impl_a": 0.0030751820068917967,
      "cv_impl_b": 0.08438380390947103,
      "winner": "schubfach",
      "speedup": 1.073631075268984,
      "ci95_low": 1.0073787428041572,
      "ci95_high": 1.1401721646460241,
      "p_value": 0.31893687707641194,
      "effect_size_cohen_d": -1.1487140255760588,
      "significant": false,
      "practical_win": true,
      "oracle_pass_rate_a": 1,
      "oracle_pass_rate_b": 1
    },
    {
      "track": "verify-only",
      "mode": "verify",
      "workload": "numeric-boundary",
      "class": "valid",
      "impl_a": "schubfach",
      "impl_b": "json-canon",
      "n_impl_a": 2,
      "n_impl_b": 2,
      "mean_ms_impl_a": 4.923315499999999,
      "mean_ms_impl_b": 5.2071890000000005,
      "median_ms_impl_a": 4.923315499999999,
      "median_ms_impl_b": 5.2071890000000005,
      "cv_impl_a": 0.042148360658045954,
      "cv_impl_b": 0.420740015538271,
      "winner": "schubfach",
      "speedup": 1.0576590104777972,
      "ci95_low": 0.7214939033109555,
      "ci95_high": 1.414477375463302,
      "p_value": 1,
      "effect_size_cohen_d": -0.18242457440987692,
      "significant": false,
      "practical_win": true,
      "oracle_pass_rate_a": 1,
      "oracle_pass_rate_b": 1
    },
    {
      "track": "verify-only",
      "mode": "verify",
      "workload": "rfc-key-sorting",
      "class": "valid",
      "impl_a": "schubfach",
      "impl_b": "json-canon",
      "n_impl_a": 2,
      "n_impl_b": 2,
      "mean_ms_impl_a": 6.256629,
      "mean_ms_impl_b": 5.7665705,
      "median_ms_impl_a": 6.256629,
      "median_ms_impl_b": 5.7665705,
      "cv_impl_a": 0.09164339882204102,
      "cv_impl_b": 0.13577154832221536,
      "winner": "json-canon",
      "speedup": 1.084982659970948,
      "ci95_low": 0.925793211912933,
      "ci95_high": 1.2779841974344281,
      "p_value": 0.6312292358803987,