{
  "generated_at_utc": "2026-03-05T05:55:31Z",
  "alpha": 0.05,
  "resamples": 500,
  "comparisons": [
    {
      "track": "verify-only",
      "mode": "verify",
      "workload": "array-2048",
      "class": "valid",
      "impl_a": "schubfach",
      "impl_b": "json-canon",
      "n_impl_a": 2,
      "n_impl_b": 2,
      "mean_ms_impl_a": 26.6326805,
      "mean_ms_impl_b": 21.5183805,
      "median_ms_impl_a": 26.6326805,
      "median_ms_impl_b": 21.5183805,
      "cv_impl_a": 0.0033414933185652836,
      "cv_impl_b": 0.5267359788775108,
      "winner": "json-canon",
      "speedup": 1.237671231810405,
      "ci95_low": 0.899660570520805,
      "ci95_high": 1.97691428444479,
      "p_value": 1,
      "effect_size_cohen_d": 0.6380948581187699,
      "significant": false,
      "practical_win": true,
      "oracle_pass_rate_a": 1,
      "oracle_pass_rate_b": 1
    },
    {
      "track": "verify-only",
      "mode": "verify",
      "workload": "array-256",
      "class": "valid",
      "impl_a": "schubfach",
      "impl_b": "json-canon",
      "n_impl_a": 2,
      "n_impl_b": 2,
      "mean_ms_impl_a": 5.4489055,
      "mean_ms_impl_b": 9.7225775,
      "median_ms_impl_a": 5.4489055,
      "median_ms_impl_b": 9.7225775,
      "cv_impl_a": 0.9716958948757872,
      "cv_impl_b": 0.022947604905580447,
      "winner": "schubfach",
      "speedup": 1.7843175111038352,
      "ci95_low": 1.0404670650722754,
      "ci95_high": 5.7949140235612635,
      "p_value": 0.3213572854291417,
      "effect_size_cohen_d": -1.140489535804512,
      "significant": false,
      "practical_win": true,
      "oracle_pass_rate_a": 1,
      "oracle_pass_rate_b": 1
    },
    {
      "track": "verify-only",
      "mode": "verify",
      "workload": "canonical-minimal",
      "class": "valid",
      "impl_a": "schubfach",
      "impl_b": "json-canon",
      "n_impl_a": 2,
      "n_impl_b": 2,
      "mean_ms_impl_a": 3.83137,
      "mean_ms_impl_b": 3.5947845,
      "median_ms_impl_a": 3.8313699999999997,
      "median_ms_impl_b": 3.5947845,
      "cv_impl_a": 0.72665987447683,
      "cv_impl_b": 0.606125977948628,
      "winner": "json-canon",
      "speedup": 1.0658135418131462,
      "ci95_low": 0.3627133046986327,
      "ci95_high": 2.82366904811168,
      "p_value": 1,
      "effect_size_cohen_d": 0.09463874212996638,
      "significant": false,
      "practical_win": true,
      "oracle_pass_rate_a": 1,
      "oracle_pass_rate_b": 1
    },
    {
      "track": "verify-only",
      "mode": "verify",
      "workload": "control-escapes",
      "class": "valid",
      "impl_a": "schubfach",
      "impl_b": "json-canon",
      "n_impl_a": 2,
      "n_impl_b": 2,
      "mean_ms_impl_a": 4.227639,
      "mean_ms_impl_b": 5.0841405,
      "median_ms_impl_a": 4.227639,
      "median_ms_impl_b": 5.0841405,
      "cv_impl_a": 0.580854528528043,
      "cv_impl_b": 0.8243392448192463,
      "winner": "schubfach",
      "speedup": 1.2025957041270554,
      "ci95_low": 0.3555669721251078,
      "ci95_high": 3.2303891600839263,
      "p_value": 1,
      "effect_size_cohen_d": -0.2493629103933273,
      "significant": false,
      "practical_win": true,
      "oracle_pass_rate_a": 1,
      "oracle_pass_rate_b": 1
    },
    {
      "track": "verify-only",
      "mode": "verify",
      "workload": "deep-64",
      "class": "valid",
      "impl_a": "schubfach",
      "impl_b": "json-canon",
      "n_impl_a": 2,
      "n_impl_b": 2,
      "mean_ms_impl_a": 1.635282,
      "mean_ms_impl_b": 5.4217485,
      "median_ms_impl_a": 1.635282,
      "median_ms_impl_b": 5.4217485,
      "cv_impl_a": 0.4969597527131863,
      "cv_impl_b": 0.2881009512810054,
      "winner": "schubfach",
      "speedup": 3.315482283789585,
      "ci95_low": 1.953567676021731,
      "ci95_high": 6.153142731073185,
      "p_value": 0.3213572854291417,
      "effect_size_cohen_d": -3.041211266281174,
      "significant": false,
      "practical_win": true,
      "oracle_pass_rate_a": 1,
      "oracle_pass_rate_b": 1
    },
    {
      "track": "verify-only",
      "mode": "verify",
      "workload": "escaped-key-order",
      "class": "valid",
      "impl_a": "schubfach",
      "impl_b": "json-canon",
      "n_impl_a": 2,
      "n_impl_b": 2,
      "mean_ms_impl_a": 2.2934285,
      "mean_ms_impl_b": 7.2014995,
      "median_ms_impl_a": 2.2934285,
      "median_ms_impl_b": 7.2014995,
      "cv_impl_a": 0.35210329089815984,
      "cv_impl_b": 0.19753500364791263,
      "winner": "schubfach",
      "speedup": 3.140058432168258,
      "ci95_low": 2.162942487067253,
      "ci95_high": 4.7650275222753065,
      "p_value": 0.3213572854291417,
      "effect_size_cohen_d": -4.243302946316262,
      "significant": false,
      "practical_win": true,
      "oracle_pass_rate_a": 1,
      "oracle_pass_rate_b": 1
    },
    {
      "track": "verify-only",
      "mode": "verify",
      "workload": "long-string",
      "class": "valid",
      "impl_a": "schubfach",
      "impl_b": "json-canon",
      "n_impl_a": 2,
      "n_impl_b": 2,
      "mean_ms_impl_a": 3.773589,
      "mean_ms_impl_b": 3.19466,
      "median_ms_impl_a": 3.773589,
      "median_ms_impl_b": 3.19466,
      "cv_impl_a": 0.8758731771477619,
      "cv_impl_b": 0.4916688091458837,
      "winner": "json-canon",
      "speedup": 1.1812177195695317,
      "ci95_low": 0.33364976332786184,
      "ci95_high": 2.932205756534198,
      "p_value": 1,
      "effect_size_cohen_d": 0.22373163272231547,
      "significant": false,
      "practical_win": true,
      "oracle_pass_rate_a": 1,
      "oracle_pass_rate_b": 1
    },
    {
      "track": "verify-only",
      "mode": "verify",
      "workload": "nested-mixed",
      "class": "valid",
      "impl_a": "schubfach",
      "impl_b": "json-canon",
      "n_impl_a": 2,
      "n_impl_b": 2,
      "mean_ms_impl_a": 6.6935215,
      "mean_ms_impl_b": 1.4698354999999999,
      "median_ms_impl_a": 6.6935215,
      "median_ms_impl_b": 1.4698354999999999,
      "cv_impl_a": 0.013112623783277572,
      "cv_impl_b": 0.35979647118028724,
      "winner": "json-canon",
      "speedup": 4.5539255923537025,
      "ci95_low": 3.596659151320953,
      "ci95_high": 6.1644839618647165,
      "p_value": 0.3213572854291417,
      "effect_size_cohen_d": 13.780534981173938,
      "significant": false,
      "practical_win": true,
      "oracle_pass_rate_a": 1,
      "oracle_pass_rate_b": 1
    },
    {
      "track": "verify-only",
      "mode": "verify",
      "workload": "numeric-boundary",
      "class": "valid",
      "impl_a": "schubfach",
      "impl_b": "json-canon",
      "n_impl_a": 2,
      "n_impl_b": 2,
      "mean_ms_impl_a": 4.834531999999999,
      "mean_ms_impl_b": 4.630292,
      "median_ms_impl_a": 4.834531999999999,
      "median_ms_impl_b": 4.630292,
      "cv_impl_a": 0.3678279456932674,
      "cv_impl_b": 0.5009918918723215,
      "winner": "json-canon",
      "speedup": 1.0441095291614437,
      "ci95_low": 0.5704563920967627,
      "ci95_high": 2.0374533150456404,
      "p_value": 1,
      "effect_size_cohen_d": 0.09881868597331836,
      "significant": false,
      "practical_win": true,
      "oracle_pass_rate_a": 1,
      "oracle_pass_rate_b": 1
    },
    {
      "track": "verify-only",
      "mode": "verify",
      "workload": "rfc-key-sorting",
      "class": "valid",
      "impl_a": "schubfach",
      "impl_b": "json-canon",
      "n_impl_a": 2,
      "n_impl_b": 2,
      "mean_ms_impl_a": 3.2379175,
      "mean_ms_impl_b": 8.6737175,
      "median_ms_impl_a": 3.2379175,
      "median_ms_impl_b": 8.6737175,
      "cv_impl_a": 0.9377333064805365,
      "cv_impl_b": 0.39008758165245006,
      "winner": "schubfach",
      "speedup": 2.6787950897451838,
      "ci95_low": 1.1664479690275118,
      "ci95_high": 10.143868471492592,
      "p_value": 0.3213572854291417,
      "effect_size_cohen_d": -1.6909738079304437,
      "significant": false,
      "practical_win": true,
      "oracle_pass_rate_a": 1,